<metadata xml:lang="en"><Esri><CreaDate>20150424</CreaDate><CreaTime>09135300</CreaTime><ArcGISFormat>1.0</ArcGISFormat><SyncOnce>FALSE</SyncOnce><DataProperties><itemProps><itemName Sync="TRUE">UAZ_Wanneroo</itemName><imsContentType Sync="TRUE">002</imsContentType><itemLocation><linkage Sync="TRUE">file://\\702L-113383-W\F$\What_If_Demo\UAZ_Wanneroo.shp</linkage><protocol Sync="TRUE">Local Area Network</protocol></itemLocation><itemSize Sync="TRUE">0.000</itemSize></itemProps><coordRef><type Sync="TRUE">Projected</type><geogcsn Sync="TRUE">GCS_GDA_1994</geogcsn><csUnits Sync="TRUE">Linear Unit: Meter (1.000000)</csUnits><projcsn Sync="TRUE">GDA_1994_MGA_Zone_50</projcsn><peXml Sync="TRUE">&lt;ProjectedCoordinateSystem xsi:type='typens:ProjectedCoordinateSystem' xmlns:xsi='http://www.w3.org/2001/XMLSchema-instance' xmlns:xs='http://www.w3.org/2001/XMLSchema' xmlns:typens='http://www.esri.com/schemas/ArcGIS/10.1'&gt;&lt;WKT&gt;PROJCS[&amp;quot;GDA_1994_MGA_Zone_50&amp;quot;,GEOGCS[&amp;quot;GCS_GDA_1994&amp;quot;,DATUM[&amp;quot;D_GDA_1994&amp;quot;,SPHEROID[&amp;quot;GRS_1980&amp;quot;,6378137.0,298.257222101]],PRIMEM[&amp;quot;Greenwich&amp;quot;,0.0],UNIT[&amp;quot;Degree&amp;quot;,0.0174532925199433]],PROJECTION[&amp;quot;Transverse_Mercator&amp;quot;],PARAMETER[&amp;quot;False_Easting&amp;quot;,500000.0],PARAMETER[&amp;quot;False_Northing&amp;quot;,10000000.0],PARAMETER[&amp;quot;Central_Meridian&amp;quot;,117.0],PARAMETER[&amp;quot;Scale_Factor&amp;quot;,0.9996],PARAMETER[&amp;quot;Latitude_Of_Origin&amp;quot;,0.0],UNIT[&amp;quot;Meter&amp;quot;,1.0],AUTHORITY[&amp;quot;EPSG&amp;quot;,28350]]&lt;/WKT&gt;&lt;XOrigin&gt;-5120900&lt;/XOrigin&gt;&lt;YOrigin&gt;1900&lt;/YOrigin&gt;&lt;XYScale&gt;450445547.3910538&lt;/XYScale&gt;&lt;ZOrigin&gt;-100000&lt;/ZOrigin&gt;&lt;ZScale&gt;10000&lt;/ZScale&gt;&lt;MOrigin&gt;-100000&lt;/MOrigin&gt;&lt;MScale&gt;10000&lt;/MScale&gt;&lt;XYTolerance&gt;0.001&lt;/XYTolerance&gt;&lt;ZTolerance&gt;0.001&lt;/ZTolerance&gt;&lt;MTolerance&gt;0.001&lt;/MTolerance&gt;&lt;HighPrecision&gt;true&lt;/HighPrecision&gt;&lt;WKID&gt;28350&lt;/WKID&gt;&lt;LatestWKID&gt;28350&lt;/LatestWKID&gt;&lt;/ProjectedCoordinateSystem&gt;</peXml></coordRef><lineage><Process ToolSource="c:\program files (x86)\arcgis\desktop10.2\ArcToolbox\Toolboxes\Data Management Tools.tbx\CalculateField" Date="20150205" Time="112934">CalculateField UAZ_Input Res_Infill "Yes" VB #</Process><Process ToolSource="c:\program files (x86)\arcgis\desktop10.2\ArcToolbox\Toolboxes\Data Management Tools.tbx\CalculateField" Date="20150205" Time="113429">CalculateField UAZ_Input Res_Infill "Maybe" VB #</Process><Process ToolSource="c:\program files (x86)\arcgis\desktop10.2\ArcToolbox\Toolboxes\Data Management Tools.tbx\CalculateField" Date="20150205" Time="122355">CalculateField UAZ_Input Res_Infill "No" VB #</Process><Process ToolSource="c:\program files (x86)\arcgis\desktop10.2\ArcToolbox\Toolboxes\Data Management Tools.tbx\CalculateField" Date="20150206" Time="102312">CalculateField UAZ_Input color "#fb9a99" VB #</Process><Process ToolSource="c:\program files (x86)\arcgis\desktop10.2\ArcToolbox\Toolboxes\Data Management Tools.tbx\CalculateField" Date="20150206" Time="102915">CalculateField UAZ_Input color ""#ee2cbe" " VB #</Process><Process ToolSource="c:\program files (x86)\arcgis\desktop10.2\ArcToolbox\Toolboxes\Data Management Tools.tbx\CalculateField" Date="20150206" Time="102952">CalculateField UAZ_Input color "#8dd3c7" VB #</Process><Process ToolSource="c:\program files (x86)\arcgis\desktop10.2\ArcToolbox\Toolboxes\Data Management Tools.tbx\CalculateField" Date="20150206" Time="103040">CalculateField UAZ_Input color "#1f78b4" VB #</Process><Process ToolSource="c:\program files (x86)\arcgis\desktop10.2\ArcToolbox\Toolboxes\Data Management Tools.tbx\CalculateField" Date="20150206" Time="103111">CalculateField UAZ_Input color "#180b81" VB #</Process><Process ToolSource="c:\program files (x86)\arcgis\desktop10.2\ArcToolbox\Toolboxes\Data Management Tools.tbx\CalculateField" Date="20150206" Time="103139">CalculateField UAZ_Input color "#000" VB #</Process><Process ToolSource="c:\program files (x86)\arcgis\desktop10.2\ArcToolbox\Toolboxes\Data Management Tools.tbx\CalculateField" Date="20150206" Time="103209">CalculateField UAZ_Input color "#e31a1c" VB #</Process><Process ToolSource="c:\program files (x86)\arcgis\desktop10.2\ArcToolbox\Toolboxes\Data Management Tools.tbx\CalculateField" Date="20150206" Time="103251">CalculateField UAZ_Input color "cab2d6" VB #</Process><Process ToolSource="c:\program files (x86)\arcgis\desktop10.2\ArcToolbox\Toolboxes\Data Management Tools.tbx\CalculateField" Date="20150206" Time="103318">CalculateField UAZ_Input color "#6a3d9a" VB #</Process><Process ToolSource="c:\program files (x86)\arcgis\desktop10.2\ArcToolbox\Toolboxes\Data Management Tools.tbx\CalculateField" Date="20150206" Time="103341">CalculateField UAZ_Input color "#ff7f00" VB #</Process><Process ToolSource="c:\program files (x86)\arcgis\desktop10.2\ArcToolbox\Toolboxes\Data Management Tools.tbx\CalculateField" Date="20150206" Time="103419">CalculateField UAZ_Input color "#ee5f2c" VB #</Process><Process ToolSource="c:\program files (x86)\arcgis\desktop10.2\ArcToolbox\Toolboxes\Data Management Tools.tbx\CalculateField" Date="20150206" Time="103457">CalculateField UAZ_Input color "#d2bf2d" VB #</Process><Process ToolSource="c:\program files (x86)\arcgis\desktop10.2\ArcToolbox\Toolboxes\Data Management Tools.tbx\CalculateField" Date="20150206" Time="103526">CalculateField UAZ_Input color "#b2df8a" VB #</Process><Process ToolSource="c:\program files (x86)\arcgis\desktop10.2\ArcToolbox\Toolboxes\Data Management Tools.tbx\CalculateField" Date="20150206" Time="103609">CalculateField UAZ_Input color "#ccebc5" VB #</Process><Process ToolSource="c:\program files (x86)\arcgis\desktop10.2\ArcToolbox\Toolboxes\Data Management Tools.tbx\CalculateField" Date="20150206" Time="103648">CalculateField UAZ_Input color "#bebada" VB #</Process><Process ToolSource="c:\program files (x86)\arcgis\desktop10.2\ArcToolbox\Toolboxes\Data Management Tools.tbx\CalculateField" Date="20150206" Time="103735">CalculateField UAZ_Input color "#fdb462" VB #</Process><Process ToolSource="c:\program files (x86)\arcgis\desktop10.2\ArcToolbox\Toolboxes\Data Management Tools.tbx\CalculateField" Date="20150206" Time="103814">CalculateField UAZ_Input color "#898989" VB #</Process><Process ToolSource="c:\program files (x86)\arcgis\desktop10.2\ArcToolbox\Toolboxes\Data Management Tools.tbx\CalculateField" Date="20150206" Time="103848">CalculateField UAZ_Input color "#b2b2b2" VB #</Process><Process ToolSource="c:\program files (x86)\arcgis\desktop10.2\ArcToolbox\Toolboxes\Data Management Tools.tbx\CalculateField" Date="20150206" Time="103921">CalculateField UAZ_Input color "#80b1d3" VB #</Process><Process ToolSource="c:\program files (x86)\arcgis\desktop10.2\ArcToolbox\Toolboxes\Data Management Tools.tbx\CalculateField" Date="20150206" Time="104042">CalculateField UAZ_Input color "#ffffb3" VB #</Process><Process ToolSource="c:\program files (x86)\arcgis\desktop10.2\ArcToolbox\Toolboxes\Data Management Tools.tbx\CalculateField" Date="20150206" Time="104603">CalculateField UAZ_Input color "#b6763a" VB #</Process><Process ToolSource="c:\program files (x86)\arcgis\desktop10.2\ArcToolbox\Toolboxes\Data Management Tools.tbx\CalculateField" Date="20150206" Time="104642">CalculateField UAZ_Input color "#337100" VB #</Process><Process ToolSource="c:\program files (x86)\arcgis\desktop10.2\ArcToolbox\Toolboxes\Data Management Tools.tbx\CalculateField" Date="20150206" Time="104738">CalculateField UAZ_Input color "#f2f2f2" VB #</Process><Process ToolSource="c:\program files (x86)\arcgis\desktop10.2\ArcToolbox\Toolboxes\Data Management Tools.tbx\CalculateField" Date="20150206" Time="104827">CalculateField UAZ_Input color "#d9d9d9" VB #</Process><Process ToolSource="c:\program files (x86)\arcgis\desktop10.2\ArcToolbox\Toolboxes\Data Management Tools.tbx\CalculateField" Date="20150206" Time="104859">CalculateField UAZ_Input color "#b6f7fd" VB #</Process><Process ToolSource="c:\program files (x86)\arcgis\desktop10.2\ArcToolbox\Toolboxes\Data Management Tools.tbx\CalculateField" Date="20150206" Time="105125">CalculateField UAZ_Input color "cab2d6" VB #</Process><Process ToolSource="c:\program files (x86)\arcgis\desktop10.2\ArcToolbox\Toolboxes\Data Management Tools.tbx\CalculateField" Date="20150209" Time="094140">CalculateField UAZ_Input Res_Infill "No" VB #</Process><Process ToolSource="c:\program files (x86)\arcgis\desktop10.2\ArcToolbox\Toolboxes\Data Management Tools.tbx\CalculateField" Date="20150209" Time="095832">CalculateField UAZ_Input Res_Infill "Maybe" VB #</Process><Process ToolSource="c:\program files (x86)\arcgis\desktop10.2\ArcToolbox\Toolboxes\Data Management Tools.tbx\CalculateField" Date="20150209" Time="095917">CalculateField UAZ_Input Res_Infill "Maybe" VB #</Process><Process ToolSource="c:\program files (x86)\arcgis\desktop10.2\ArcToolbox\Toolboxes\Data Management Tools.tbx\CalculateField" Date="20150209" Time="100215">CalculateField UAZ_Input Res_Infill "Yes" VB #</Process><Process ToolSource="c:\program files (x86)\arcgis\desktop10.2\ArcToolbox\Toolboxes\Data Management Tools.tbx\CalculateField" Date="20150209" Time="111922">CalculateField UAZ_Input Res_Infill "No" VB #</Process><Process ToolSource="c:\program files (x86)\arcgis\desktop10.2\ArcToolbox\Toolboxes\Data Management Tools.tbx\CalculateField" Date="20150209" Time="112356">CalculateField UAZ_Input Add_Info " " VB #</Process><Process ToolSource="c:\program files (x86)\arcgis\desktop10.2\ArcToolbox\Toolboxes\Data Management Tools.tbx\CalculateField" Date="20150209" Time="112516">CalculateField UAZ_Input Add_Info "-" VB #</Process><Process ToolSource="c:\program files (x86)\arcgis\desktop10.2\ArcToolbox\Toolboxes\Data Management Tools.tbx\CalculateField" Date="20150209" Time="120404">CalculateField UAZ_Input Res_Infill "Yes" VB #</Process><Process ToolSource="c:\program files (x86)\arcgis\desktop10.2\ArcToolbox\Toolboxes\Data Management Tools.tbx\CalculateField" Date="20150210" Time="084124">CalculateField UAZ_Input color_1 [color] VB #</Process><Process ToolSource="c:\program files (x86)\arcgis\desktop10.2\ArcToolbox\Toolboxes\Data Management Tools.tbx\CalculateField" Date="20150210" Time="085054">CalculateField UAZ_Input color_1 "#980043" VB #</Process><Process ToolSource="c:\program files (x86)\arcgis\desktop10.2\ArcToolbox\Toolboxes\Data Management Tools.tbx\CalculateField" Date="20150210" Time="085104">CalculateField UAZ_Input color "#980043" VB #</Process><Process ToolSource="c:\program files (x86)\arcgis\desktop10.2\ArcToolbox\Toolboxes\Data Management Tools.tbx\CalculateField" Date="20150210" Time="085701">CalculateField UAZ_Input color "#fe9929" VB #</Process><Process ToolSource="c:\program files (x86)\arcgis\desktop10.2\ArcToolbox\Toolboxes\Data Management Tools.tbx\CalculateField" Date="20150210" Time="085807">CalculateField UAZ_Input color "#fd8d3c" VB #</Process><Process ToolSource="c:\program files (x86)\arcgis\desktop10.2\ArcToolbox\Toolboxes\Data Management Tools.tbx\CalculateField" Date="20150210" Time="085923">CalculateField UAZ_Input color_2 [color] VB #</Process><Process ToolSource="c:\program files (x86)\arcgis\desktop10.2\ArcToolbox\Toolboxes\Data Management Tools.tbx\CalculateField" Date="20150210" Time="090007">CalculateField UAZ_Input color "#b10026" VB #</Process><Process ToolSource="c:\program files (x86)\arcgis\desktop10.2\ArcToolbox\Toolboxes\Data Management Tools.tbx\CalculateField" Date="20150210" Time="090020">CalculateField UAZ_Input color_2 "#b10026" VB #</Process><Process ToolSource="c:\program files (x86)\arcgis\desktop10.2\ArcToolbox\Toolboxes\Data Management Tools.tbx\CalculateField" Date="20150210" Time="141019">CalculateField UAZ_Input Hierarchy_AC "District AC Area" VB #</Process><Process ToolSource="c:\program files (x86)\arcgis\desktop10.2\ArcToolbox\Toolboxes\Data Management Tools.tbx\CalculateField" Date="20150210" Time="141158">CalculateField UAZ_Input AC_Hierarchy 5 VB #</Process><Process ToolSource="c:\program files (x86)\arcgis\desktop10.2\ArcToolbox\Toolboxes\Data Management Tools.tbx\CalculateField" Date="20150210" Time="143156">CalculateField UAZ_Input Hierarchy_AC "Secondary AC Area" VB #</Process><Process ToolSource="c:\program files (x86)\arcgis\desktop10.2\ArcToolbox\Toolboxes\Data Management Tools.tbx\CalculateField" Date="20150210" Time="143244">CalculateField UAZ_Input AC_Hierarchy 4 VB #</Process><Process ToolSource="c:\program files (x86)\arcgis\desktop10.2\ArcToolbox\Toolboxes\Data Management Tools.tbx\CalculateField" Date="20150210" Time="145027">CalculateField UAZ_Input Hierarchy_AC "Specialised AC Area" VB #</Process><Process ToolSource="c:\program files (x86)\arcgis\desktop10.2\ArcToolbox\Toolboxes\Data Management Tools.tbx\CalculateField" Date="20150210" Time="145104">CalculateField UAZ_Input AC_Hierarchy 3 VB #</Process><Process ToolSource="c:\program files (x86)\arcgis\desktop10.2\ArcToolbox\Toolboxes\Data Management Tools.tbx\CalculateField" Date="20150211" Time="082246">CalculateField UAZ_Input Hierarchy_AC "Strategic AC Area" VB #</Process><Process ToolSource="c:\program files (x86)\arcgis\desktop10.2\ArcToolbox\Toolboxes\Data Management Tools.tbx\CalculateField" Date="20150211" Time="082353">CalculateField UAZ_Input AC_Hierarchy 2 VB #</Process><Process ToolSource="c:\program files (x86)\arcgis\desktop10.2\ArcToolbox\Toolboxes\Data Management Tools.tbx\CalculateField" Date="20150211" Time="094953">CalculateField UAZ_Input AC_Hierarchy 1 VB #</Process><Process ToolSource="c:\program files (x86)\arcgis\desktop10.2\ArcToolbox\Toolboxes\Data Management Tools.tbx\CalculateField" Date="20150211" Time="095040">CalculateField UAZ_Input Hierarchy_AC "Capital City AC Area" VB #</Process><Process ToolSource="c:\program files (x86)\arcgis\desktop10.2\ArcToolbox\Toolboxes\Data Management Tools.tbx\CalculateField" Date="20150211" Time="111240">CalculateField UAZ_Input color [color_2] VB #</Process><Process ToolSource="c:\program files (x86)\arcgis\desktop10.2\ArcToolbox\Toolboxes\Data Management Tools.tbx\CalculateField" Date="20150211" Time="111857">CalculateField UAZ_Input color [color_2] VB #</Process><Process ToolSource="c:\program files (x86)\arcgis\desktop10.2\ArcToolbox\Toolboxes\Data Management Tools.tbx\CalculateField" Date="20150211" Time="112011">CalculateField UAZ_Input Hierarchy_AC " " VB #</Process><Process ToolSource="c:\program files (x86)\arcgis\desktop10.2\ArcToolbox\Toolboxes\Data Management Tools.tbx\CalculateField" Date="20150211" Time="112037">CalculateField UAZ_Input AC_Hierarchy 100 VB #</Process><Process ToolSource="c:\program files (x86)\arcgis\desktop10.2\ArcToolbox\Toolboxes\Data Management Tools.tbx\CalculateField" Date="20150424" Time="082441">CalculateField Wanneroo_UAZ color [color_1] VB #</Process><Process ToolSource="c:\program files (x86)\arcgis\desktop10.2\ArcToolbox\Toolboxes\Data Management Tools.tbx\CalculateField" Date="20150424" Time="083252">CalculateField Wanneroo_UAZ Population 152083 VB #</Process><Process ToolSource="c:\program files (x86)\arcgis\desktop10.2\ArcToolbox\Toolboxes\Data Management Tools.tbx\CalculateField" Date="20150424" Time="083317">CalculateField Wanneroo_UAZ N_Houses 56362 VB #</Process><Process ToolSource="c:\program files (x86)\arcgis\desktop10.2\ArcToolbox\Toolboxes\Data Management Tools.tbx\CalculateField" Date="20150424" Time="083344">CalculateField Wanneroo_UAZ Dwellings 51987 VB #</Process><Process ToolSource="c:\program files (x86)\arcgis\desktop10.2\ArcToolbox\Toolboxes\Data Management Tools.tbx\CalculateField" Date="20150424" Time="083418">CalculateField Wanneroo_UAZ HH_Size "[Population]/ [Dwellings]" VB #</Process><Process ToolSource="c:\program files (x86)\arcgis\desktop10.2\ArcToolbox\Toolboxes\Data Management Tools.tbx\CalculateField" Date="20150424" Time="083510">CalculateField Wanneroo_UAZ Prim_Indus 3902 VB #</Process><Process ToolSource="c:\program files (x86)\arcgis\desktop10.2\ArcToolbox\Toolboxes\Data Management Tools.tbx\CalculateField" Date="20150424" Time="090201">CalculateField Wanneroo_UAZ Manufactur 19450 VB #</Process><Process ToolSource="c:\program files (x86)\arcgis\desktop10.2\ArcToolbox\Toolboxes\Data Management Tools.tbx\CalculateField" Date="20150424" Time="090232">CalculateField Wanneroo_UAZ Transp_Uti 3495 VB #</Process><Process ToolSource="c:\program files (x86)\arcgis\desktop10.2\ArcToolbox\Toolboxes\Data Management Tools.tbx\CalculateField" Date="20150424" Time="090250">CalculateField Wanneroo_UAZ Trading_Co 20210 VB #</Process><Process ToolSource="c:\program files (x86)\arcgis\desktop10.2\ArcToolbox\Toolboxes\Data Management Tools.tbx\CalculateField" Date="20150424" Time="090309">CalculateField Wanneroo_UAZ Prof_Adm 7724 VB #</Process><Process ToolSource="c:\program files (x86)\arcgis\desktop10.2\ArcToolbox\Toolboxes\Data Management Tools.tbx\CalculateField" Date="20150424" Time="090333">CalculateField Wanneroo_UAZ Educ_Train 4752 VB #</Process><Process ToolSource="c:\program files (x86)\arcgis\desktop10.2\ArcToolbox\Toolboxes\Data Management Tools.tbx\CalculateField" Date="20150424" Time="090407">CalculateField Wanneroo_UAZ Health_Soc 7845 VB #</Process><Process ToolSource="c:\program files (x86)\arcgis\desktop10.2\ArcToolbox\Toolboxes\Data Management Tools.tbx\CalculateField" Date="20150424" Time="090442">CalculateField Wanneroo_UAZ Recreation 853 VB #</Process><Process ToolSource="c:\program files (x86)\arcgis\desktop10.2\ArcToolbox\Toolboxes\Data Management Tools.tbx\CalculateField" Date="20150424" Time="090635">CalculateField Wanneroo_UAZ Trading_Co 25357 VB #</Process><Process ToolSource="c:\program files (x86)\arcgis\desktop10.2\ArcToolbox\Toolboxes\Data Management Tools.tbx\CalculateField" Date="20150424" Time="090657">CalculateField Wanneroo_UAZ Prof_Adm 7724 VB #</Process><Process ToolSource="c:\program files (x86)\arcgis\desktop10.2\ArcToolbox\Toolboxes\Data Management Tools.tbx\CalculateField" Date="20150424" Time="090716">CalculateField Wanneroo_UAZ Educ_Train 4752 VB #</Process><Process ToolSource="c:\program files (x86)\arcgis\desktop10.2\ArcToolbox\Toolboxes\Data Management Tools.tbx\CalculateField" Date="20150424" Time="090745">CalculateField Wanneroo_UAZ Health_Soc 7845 VB #</Process><Process ToolSource="c:\program files (x86)\arcgis\desktop10.2\ArcToolbox\Toolboxes\Data Management Tools.tbx\CalculateField" Date="20150424" Time="090818">CalculateField Wanneroo_UAZ Recreation 853 VB #</Process><Process ToolSource="c:\program files (x86)\arcgis\desktop10.2\ArcToolbox\Toolboxes\Data Management Tools.tbx\CalculateField" Date="20150424" Time="092221">CalculateField UAZ_Wanneroo Res_Infill "Yes" VB #</Process><Process ToolSource="c:\program files (x86)\arcgis\desktop10.2\ArcToolbox\Toolboxes\Data Management Tools.tbx\CalculateField" Date="20150424" Time="093347">CalculateField UAZ_Wanneroo Trading_Co 20909 VB #</Process><Process ToolSource="c:\program files (x86)\arcgis\desktop10.2\ArcToolbox\Toolboxes\Data Management Tools.tbx\CalculateField" Date="20150424" Time="093415">CalculateField UAZ_Wanneroo Prof_Adm 24769 VB #</Process><Process ToolSource="c:\program files (x86)\arcgis\desktop10.2\ArcToolbox\Toolboxes\Data Management Tools.tbx\Eliminate" Date="20150424" Time="094108">Eliminate UAZ_Wanneroo F:\What_If_Demo\UAZ.gdb\UAZ_Wanneroo LENGTH # #</Process><Process ToolSource="c:\program files (x86)\arcgis\desktop10.2\ArcToolbox\Toolboxes\Data Management Tools.tbx\CalculateField" Date="20150424" Time="100837">CalculateField UAZ_Wanneroo UrbanExpan "IndustrialExpansion" VB #</Process><Process ToolSource="c:\program files (x86)\arcgis\desktop10.2\ArcToolbox\Toolboxes\Data Management Tools.tbx\CalculateField" Date="20150424" Time="100848">CalculateField UAZ_Wanneroo UrbanGrowt 7 VB #</Process><Process ToolSource="c:\program files (x86)\arcgis\desktop10.2\ArcToolbox\Toolboxes\Data Management Tools.tbx\CalculateField" Date="20150424" Time="101451">CalculateField UAZ_Wanneroo UrbanExpan "No Expansion" VB #</Process><Process ToolSource="c:\program files (x86)\arcgis\desktop10.2\ArcToolbox\Toolboxes\Data Management Tools.tbx\CalculateField" Date="20150424" Time="105742">CalculateField UAZ_Wanneroo Exist_LU_S "Commercial" VB #</Process><Process ToolSource="c:\program files (x86)\arcgis\desktop10.2\ArcToolbox\Toolboxes\Data Management Tools.tbx\CalculateField" Date="20150424" Time="105923">CalculateField UAZ_Wanneroo Exist_LU_S "Commercial" VB #</Process><Process ToolSource="c:\program files (x86)\arcgis\desktop10.2\ArcToolbox\Toolboxes\Data Management Tools.tbx\CalculateField" Date="20150424" Time="111831">CalculateField UAZ_Wanneroo color "#ee2cbe" VB #</Process><Process ToolSource="c:\program files (x86)\arcgis\desktop10.2\ArcToolbox\Toolboxes\Data Management Tools.tbx\CalculateField" Date="20150424" Time="111853">CalculateField UAZ_Wanneroo Res_Infill "No" VB #</Process><Process ToolSource="c:\program files (x86)\arcgis\desktop10.2\ArcToolbox\Toolboxes\Data Management Tools.tbx\CalculateField" Date="20150424" Time="111958">CalculateField UAZ_Wanneroo ActCentre "District Centre" VB #</Process><Process ToolSource="c:\program files (x86)\arcgis\desktop10.2\ArcToolbox\Toolboxes\Data Management Tools.tbx\CalculateField" Date="20150424" Time="112024">CalculateField UAZ_Wanneroo ActCentre "Secondary Centre" VB #</Process><Process ToolSource="c:\program files (x86)\arcgis\desktop10.2\ArcToolbox\Toolboxes\Data Management Tools.tbx\CalculateField" Date="20150424" Time="112130">CalculateField UAZ_Wanneroo ActCentre "Strategic AC" VB #</Process><Process ToolSource="c:\program files (x86)\arcgis\desktop10.2\ArcToolbox\Toolboxes\Data Management Tools.tbx\CalculateField" Date="20150424" Time="112451">CalculateField Ac_Centres ActCentre "Strategic AC" VB #</Process><Process ToolSource="c:\program files (x86)\arcgis\desktop10.2\ArcToolbox\Toolboxes\Data Management Tools.tbx\CalculateField" Date="20150424" Time="112756">CalculateField UAZ_Wanneroo ActRadius 2 VB #</Process><Process ToolSource="c:\program files (x86)\arcgis\desktop10.2\ArcToolbox\Toolboxes\Data Management Tools.tbx\CalculateField" Date="20150424" Time="112936">CalculateField UAZ_Wanneroo ActRadius 0 VB #</Process><Process ToolSource="c:\program files (x86)\arcgis\desktop10.2\ArcToolbox\Toolboxes\Data Management Tools.tbx\CalculateField" Date="20150424" Time="113124">CalculateField UAZ_Wanneroo ActRadius 2 VB #</Process><Process ToolSource="c:\program files (x86)\arcgis\desktop10.2\ArcToolbox\Toolboxes\Data Management Tools.tbx\CalculateField" Date="20150424" Time="113224">CalculateField UAZ_Wanneroo ActRadius 2 VB #</Process><Process ToolSource="c:\program files (x86)\arcgis\desktop10.2\ArcToolbox\Toolboxes\Data Management Tools.tbx\CalculateField" Date="20150424" Time="113318">CalculateField UAZ_Wanneroo ActRadius 1 VB #</Process><Process ToolSource="c:\program files (x86)\arcgis\desktop10.2\ArcToolbox\Toolboxes\Data Management Tools.tbx\CalculateField" Date="20150424" Time="113424">CalculateField UAZ_Wanneroo ActRadius 1 VB #</Process><Process ToolSource="c:\program files (x86)\arcgis\desktop10.2\ArcToolbox\Toolboxes\Data Management Tools.tbx\CalculateField" Date="20150424" Time="113842">CalculateField Ac_Centres ActRadius 1 VB #</Process><Process ToolSource="c:\program files (x86)\arcgis\desktop10.2\ArcToolbox\Toolboxes\Data Management Tools.tbx\CalculateField" Date="20150424" Time="113902">CalculateField UAZ_Wanneroo ActRadius 1 VB #</Process><Process ToolSource="c:\program files (x86)\arcgis\desktop10.2\ArcToolbox\Toolboxes\Data Management Tools.tbx\CalculateField" Date="20150424" Time="114019">CalculateField UAZ_Wanneroo ActRadius 1 VB #</Process><Process ToolSource="c:\program files (x86)\arcgis\desktop10.2\ArcToolbox\Toolboxes\Data Management Tools.tbx\CalculateField" Date="20150424" Time="114053">CalculateField UAZ_Wanneroo ActRadius 3 VB #</Process><Process ToolSource="c:\program files (x86)\arcgis\desktop10.2\ArcToolbox\Toolboxes\Data Management Tools.tbx\CalculateField" Date="20150424" Time="114354">CalculateField UAZ_Wanneroo ActGrowth [ActRadius] VB #</Process><Process ToolSource="c:\program files (x86)\arcgis\desktop10.2\ArcToolbox\Toolboxes\Data Management Tools.tbx\CalculateField" Date="20150424" Time="114426">CalculateField UAZ_Wanneroo GrowthUtil "[TransGrowt] + [ActGrowth]-1" VB #</Process><Process ToolSource="c:\program files (x86)\arcgis\desktop10.2\ArcToolbox\Toolboxes\Conversion Tools.tbx\FeatureClassToFeatureClass" Date="20150424" Time="120418">FeatureClassToFeatureClass F:\What_If_Demo\UAZ.gdb\UAZ_Wanneroo F:\What_If_Demo UAZ_Wanneroo.shp # "LGA_Name "LGA_Name" true true false 50 Text 0 0 ,First,#,F:\What_If_Demo\UAZ.gdb\UAZ_Wanneroo,LGA_Name,-1,-1;Area_ha "Area_ha" true true false 8 Double 0 0 ,First,#,F:\What_If_Demo\UAZ.gdb\UAZ_Wanneroo,Area_ha,-1,-1;UrbanValue "UrbanValue" true true false 50 Text 0 0 ,First,#,F:\What_If_Demo\UAZ.gdb\UAZ_Wanneroo,UrbanValue,-1,-1;ProxTransp "ProxTransp" true true false 50 Text 0 0 ,First,#,F:\What_If_Demo\UAZ.gdb\UAZ_Wanneroo,ProxTransp,-1,-1;ProxActCen "ProxActCen" true true false 50 Text 0 0 ,First,#,F:\What_If_Demo\UAZ.gdb\UAZ_Wanneroo,ProxActCen,-1,-1;Env_Value "Env_Value" true true false 50 Text 0 0 ,First,#,F:\What_If_Demo\UAZ.gdb\UAZ_Wanneroo,Env_Value,-1,-1;LUGroup "LUGroup" true true false 50 Text 0 0 ,First,#,F:\What_If_Demo\UAZ.gdb\UAZ_Wanneroo,LUGroup,-1,-1;LUType "LUType" true true false 50 Text 0 0 ,First,#,F:\What_If_Demo\UAZ.gdb\UAZ_Wanneroo,LUType,-1,-1;LUSubType "LUSubType" true true false 50 Text 0 0 ,First,#,F:\What_If_Demo\UAZ.gdb\UAZ_Wanneroo,LUSubType,-1,-1;Add_Info "Add_Info" true true false 150 Text 0 0 ,First,#,F:\What_If_Demo\UAZ.gdb\UAZ_Wanneroo,Add_Info,-1,-1;Source "Source" true true false 150 Text 0 0 ,First,#,F:\What_If_Demo\UAZ.gdb\UAZ_Wanneroo,Source,-1,-1;SP_Title "SP_Title" true true false 100 Text 0 0 ,First,#,F:\What_If_Demo\UAZ.gdb\UAZ_Wanneroo,SP_Title,-1,-1;ActCentre "ActCentre" true true false 50 Text 0 0 ,First,#,F:\What_If_Demo\UAZ.gdb\UAZ_Wanneroo,ActCentre,-1,-1;UrbanExpan "UrbanExpan" true true false 50 Text 0 0 ,First,#,F:\What_If_Demo\UAZ.gdb\UAZ_Wanneroo,UrbanExpan,-1,-1;UrbanGrowt "UrbanGrowt" true true false 2 Short 0 0 ,First,#,F:\What_If_Demo\UAZ.gdb\UAZ_Wanneroo,UrbanGrowt,-1,-1;Region "Region" true true false 254 Text 0 0 ,First,#,F:\What_If_Demo\UAZ.gdb\UAZ_Wanneroo,Region,-1,-1;Population "Population" true true false 4 Long 0 0 ,First,#,F:\What_If_Demo\UAZ.gdb\UAZ_Wanneroo,Population,-1,-1;N_Houses "N_Houses" true true false 4 Long 0 0 ,First,#,F:\What_If_Demo\UAZ.gdb\UAZ_Wanneroo,N_Houses,-1,-1;Dwellings "Dwellings" true true false 4 Long 0 0 ,First,#,F:\What_If_Demo\UAZ.gdb\UAZ_Wanneroo,Dwellings,-1,-1;HH_Size "HH_Size" true true false 8 Double 0 0 ,First,#,F:\What_If_Demo\UAZ.gdb\UAZ_Wanneroo,HH_Size,-1,-1;Prim_Indus "Prim_Indus" true true false 8 Double 0 0 ,First,#,F:\What_If_Demo\UAZ.gdb\UAZ_Wanneroo,Prim_Indus,-1,-1;Manufactur "Manufactur" true true false 8 Double 0 0 ,First,#,F:\What_If_Demo\UAZ.gdb\UAZ_Wanneroo,Manufactur,-1,-1;Transp_Uti "Transp_Uti" true true false 8 Double 0 0 ,First,#,F:\What_If_Demo\UAZ.gdb\UAZ_Wanneroo,Transp_Uti,-1,-1;Trading_Co "Trading_Co" true true false 8 Double 0 0 ,First,#,F:\What_If_Demo\UAZ.gdb\UAZ_Wanneroo,Trading_Co,-1,-1;Prof_Adm "Prof_Adm" true true false 8 Double 0 0 ,First,#,F:\What_If_Demo\UAZ.gdb\UAZ_Wanneroo,Prof_Adm,-1,-1;Recreation "Recreation" true true false 8 Double 0 0 ,First,#,F:\What_If_Demo\UAZ.gdb\UAZ_Wanneroo,Recreation,-1,-1;Exist_LU_S "Exist_LU_S" true true false 50 Text 0 0 ,First,#,F:\What_If_Demo\UAZ.gdb\UAZ_Wanneroo,Exist_LU_S,-1,-1;Plan_LU "Plan_LU" true true false 50 Text 0 0 ,First,#,F:\What_If_Demo\UAZ.gdb\UAZ_Wanneroo,Plan_LU,-1,-1;ResGrowth "ResGrowth" true true false 2 Short 0 0 ,First,#,F:\What_If_Demo\UAZ.gdb\UAZ_Wanneroo,ResGrowth,-1,-1;TransGrowt "TransGrowt" true true false 2 Short 0 0 ,First,#,F:\What_If_Demo\UAZ.gdb\UAZ_Wanneroo,TransGrowt,-1,-1;ActGrowth "ActGrowth" true true false 2 Short 0 0 ,First,#,F:\What_If_Demo\UAZ.gdb\UAZ_Wanneroo,ActGrowth,-1,-1;GrowthUtil "GrowthUtil" true true false 2 Short 0 0 ,First,#,F:\What_If_Demo\UAZ.gdb\UAZ_Wanneroo,GrowthUtil,-1,-1;Res_Infill "Res_Infill" true true false 50 Text 0 0 ,First,#,F:\What_If_Demo\UAZ.gdb\UAZ_Wanneroo,Res_Infill,-1,-1;color "color" true true false 50 Text 0 0 ,First,#,F:\What_If_Demo\UAZ.gdb\UAZ_Wanneroo,color,-1,-1;Hierarchy_ "Hierarchy_" true true false 50 Text 0 0 ,First,#,F:\What_If_Demo\UAZ.gdb\UAZ_Wanneroo,Hierarchy_,-1,-1;AC_Hierarc "AC_Hierarc" true true false 2 Short 0 0 ,First,#,F:\What_If_Demo\UAZ.gdb\UAZ_Wanneroo,AC_Hierarc,-1,-1;Inf_Trans "Inf_Trans" true true false 4 Long 0 0 ,First,#,F:\What_If_Demo\UAZ.gdb\UAZ_Wanneroo,Inf_Trans,-1,-1;Shape_Leng "Shape_Length" false true true 8 Double 0 0 ,First,#,F:\What_If_Demo\UAZ.gdb\UAZ_Wanneroo,Shape_Length,-1,-1;Shape_Area "Shape_Area" false true true 8 Double 0 0 ,First,#,F:\What_If_Demo\UAZ.gdb\UAZ_Wanneroo,Shape_Area,-1,-1" #</Process><Process ToolSource="c:\program files (x86)\arcgis\desktop10.2\ArcToolbox\Toolboxes\Data Management Tools.tbx\CalculateField" Date="20150430" Time="102406">CalculateField UAZ_Wanneroo ActCentre "None" VB #</Process></lineage></DataProperties><SyncDate>20150424</SyncDate><SyncTime>12040600</SyncTime><ModDate>20150424</ModDate><ModTime>12040600</ModTime></Esri><dataIdInfo><envirDesc Sync="TRUE">Microsoft Windows 7 Version 6.1 (Build 7601) Service Pack 1; Esri ArcGIS 10.2.0.3348</envirDesc><dataLang><languageCode value="eng" Sync="TRUE"></languageCode><countryCode value="AUS" Sync="TRUE"></countryCode></dataLang><idCitation><resTitle Sync="TRUE">UAZ_Wanneroo</resTitle><presForm><PresFormCd value="005" Sync="TRUE"></PresFormCd></presForm></idCitation><spatRpType><SpatRepTypCd value="001" Sync="TRUE"></SpatRepTypCd></spatRpType></dataIdInfo><mdLang><languageCode value="eng" Sync="TRUE"></languageCode><countryCode value="AUS" Sync="TRUE"></countryCode></mdLang><distInfo><distFormat><formatName Sync="TRUE">Shapefile</formatName></distFormat><distTranOps><transSize Sync="TRUE">0.000</transSize></distTranOps></distInfo><mdHrLv><ScopeCd value="005" Sync="TRUE"></ScopeCd></mdHrLv><mdHrLvName Sync="TRUE">dataset</mdHrLvName><refSysInfo><RefSystem><refSysID><identCode code="28350" Sync="TRUE"></identCode><idCodeSpace Sync="TRUE">EPSG</idCodeSpace><idVersion Sync="TRUE">8.1.1</idVersion></refSysID></RefSystem></refSysInfo><spatRepInfo><VectSpatRep><geometObjs Name="UAZ_Wanneroo"><geoObjTyp><GeoObjTypCd value="002" Sync="TRUE"></GeoObjTypCd></geoObjTyp><geoObjCnt Sync="TRUE">0</geoObjCnt></geometObjs><topLvl><TopoLevCd value="001" Sync="TRUE"></TopoLevCd></topLvl></VectSpatRep></spatRepInfo><spdoinfo><ptvctinf><esriterm Name="UAZ_Wanneroo"><efeatyp Sync="TRUE">Simple</efeatyp><efeageom code="4" Sync="TRUE"></efeageom><esritopo Sync="TRUE">FALSE</esritopo><efeacnt Sync="TRUE">0</efeacnt><spindex Sync="TRUE">FALSE</spindex><linrefer Sync="TRUE">FALSE</linrefer></esriterm></ptvctinf></spdoinfo><eainfo><detailed Name="UAZ_Wanneroo"><enttyp><enttypl Sync="TRUE">UAZ_Wanneroo</enttypl><enttypt Sync="TRUE">Feature Class</enttypt><enttypc Sync="TRUE">0</enttypc></enttyp><attr><attrlabl Sync="TRUE">FID</attrlabl><attalias Sync="TRUE">FID</attalias><attrtype Sync="TRUE">OID</attrtype><attwidth Sync="TRUE">4</attwidth><atprecis Sync="TRUE">0</atprecis><attscale Sync="TRUE">0</attscale><attrdef Sync="TRUE">Internal feature number.</attrdef><attrdefs Sync="TRUE">Esri</attrdefs><attrdomv><udom Sync="TRUE">Sequential unique whole numbers that are automatically generated.</udom></attrdomv></attr><attr><attrlabl Sync="TRUE">Shape</attrlabl><attalias Sync="TRUE">Shape</attalias><attrtype Sync="TRUE">Geometry</attrtype><attwidth Sync="TRUE">0</attwidth><atprecis Sync="TRUE">0</atprecis><attscale Sync="TRUE">0</attscale><attrdef Sync="TRUE">Feature geometry.</attrdef><attrdefs Sync="TRUE">Esri</attrdefs><attrdomv><udom Sync="TRUE">Coordinates defining the features.</udom></attrdomv></attr><attr><attrlabl Sync="TRUE">LGA_Name</attrlabl><attalias Sync="TRUE">LGA_Name</attalias><attrtype Sync="TRUE">String</attrtype><attwidth Sync="TRUE">50</attwidth><atprecis Sync="TRUE">0</atprecis><attscale Sync="TRUE">0</attscale></attr><attr><attrlabl Sync="TRUE">Area_ha</attrlabl><attalias Sync="TRUE">Area_ha</attalias><attrtype Sync="TRUE">Double</attrtype><attwidth Sync="TRUE">19</attwidth><atprecis Sync="TRUE">0</atprecis><attscale Sync="TRUE">0</attscale></attr><attr><attrlabl Sync="TRUE">UrbanValue</attrlabl><attalias Sync="TRUE">UrbanValue</attalias><attrtype Sync="TRUE">String</attrtype><attwidth Sync="TRUE">50</attwidth><atprecis Sync="TRUE">0</atprecis><attscale Sync="TRUE">0</attscale></attr><attr><attrlabl Sync="TRUE">ProxTransp</attrlabl><attalias Sync="TRUE">ProxTransp</attalias><attrtype Sync="TRUE">String</attrtype><attwidth Sync="TRUE">50</attwidth><atprecis Sync="TRUE">0</atprecis><attscale Sync="TRUE">0</attscale></attr><attr><attrlabl Sync="TRUE">ProxActCen</attrlabl><attalias Sync="TRUE">ProxActCen</attalias><attrtype Sync="TRUE">String</attrtype><attwidth Sync="TRUE">50</attwidth><atprecis Sync="TRUE">0</atprecis><attscale Sync="TRUE">0</attscale></attr><attr><attrlabl Sync="TRUE">Env_Value</attrlabl><attalias Sync="TRUE">Env_Value</attalias><attrtype Sync="TRUE">String</attrtype><attwidth Sync="TRUE">50</attwidth><atprecis Sync="TRUE">0</atprecis><attscale Sync="TRUE">0</attscale></attr><attr><attrlabl Sync="TRUE">LUGroup</attrlabl><attalias Sync="TRUE">LUGroup</attalias><attrtype Sync="TRUE">String</attrtype><attwidth Sync="TRUE">50</attwidth><atprecis Sync="TRUE">0</atprecis><attscale Sync="TRUE">0</attscale></attr><attr><attrlabl Sync="TRUE">LUType</attrlabl><attalias Sync="TRUE">LUType</attalias><attrtype Sync="TRUE">String</attrtype><attwidth Sync="TRUE">50</attwidth><atprecis Sync="TRUE">0</atprecis><attscale Sync="TRUE">0</attscale></attr><attr><attrlabl Sync="TRUE">LUSubType</attrlabl><attalias Sync="TRUE">LUSubType</attalias><attrtype Sync="TRUE">String</attrtype><attwidth Sync="TRUE">50</attwidth><atprecis Sync="TRUE">0</atprecis><attscale Sync="TRUE">0</attscale></attr><attr><attrlabl Sync="TRUE">Add_Info</attrlabl><attalias Sync="TRUE">Add_Info</attalias><attrtype Sync="TRUE">String</attrtype><attwidth Sync="TRUE">150</attwidth><atprecis Sync="TRUE">0</atprecis><attscale Sync="TRUE">0</attscale></attr><attr><attrlabl Sync="TRUE">Source</attrlabl><attalias Sync="TRUE">Source</attalias><attrtype Sync="TRUE">String</attrtype><attwidth Sync="TRUE">150</attwidth><atprecis Sync="TRUE">0</atprecis><attscale Sync="TRUE">0</attscale></attr><attr><attrlabl Sync="TRUE">SP_Title</attrlabl><attalias Sync="TRUE">SP_Title</attalias><attrtype Sync="TRUE">String</attrtype><attwidth Sync="TRUE">100</attwidth><atprecis Sync="TRUE">0</atprecis><attscale Sync="TRUE">0</attscale></attr><attr><attrlabl Sync="TRUE">ActCentre</attrlabl><attalias Sync="TRUE">ActCentre</attalias><attrtype Sync="TRUE">String</attrtype><attwidth Sync="TRUE">50</attwidth><atprecis Sync="TRUE">0</atprecis><attscale Sync="TRUE">0</attscale></attr><attr><attrlabl Sync="TRUE">UrbanExpan</attrlabl><attalias Sync="TRUE">UrbanExpan</attalias><attrtype Sync="TRUE">String</attrtype><attwidth Sync="TRUE">50</attwidth><atprecis Sync="TRUE">0</atprecis><attscale Sync="TRUE">0</attscale></attr><attr><attrlabl Sync="TRUE">UrbanGrowt</attrlabl><attalias Sync="TRUE">UrbanGrowt</attalias><attrtype Sync="TRUE">SmallInteger</attrtype><attwidth Sync="TRUE">4</attwidth><atprecis Sync="TRUE">4</atprecis><attscale Sync="TRUE">0</attscale></attr><attr><attrlabl Sync="TRUE">Region</attrlabl><attalias Sync="TRUE">Region</attalias><attrtype Sync="TRUE">String</attrtype><attwidth Sync="TRUE">254</attwidth><atprecis Sync="TRUE">0</atprecis><attscale Sync="TRUE">0</attscale></attr><attr><attrlabl Sync="TRUE">Population</attrlabl><attalias Sync="TRUE">Population</attalias><attrtype Sync="TRUE">Integer</attrtype><attwidth Sync="TRUE">9</attwidth><atprecis Sync="TRUE">9</atprecis><attscale Sync="TRUE">0</attscale></attr><attr><attrlabl Sync="TRUE">N_Houses</attrlabl><attalias Sync="TRUE">N_Houses</attalias><attrtype Sync="TRUE">Integer</attrtype><attwidth Sync="TRUE">9</attwidth><atprecis Sync="TRUE">9</atprecis><attscale Sync="TRUE">0</attscale></attr><attr><attrlabl Sync="TRUE">Dwellings</attrlabl><attalias Sync="TRUE">Dwellings</attalias><attrtype Sync="TRUE">Integer</attrtype><attwidth Sync="TRUE">9</attwidth><atprecis Sync="TRUE">9</atprecis><attscale Sync="TRUE">0</attscale></attr><attr><attrlabl Sync="TRUE">HH_Size</attrlabl><attalias Sync="TRUE">HH_Size</attalias><attrtype Sync="TRUE">Double</attrtype><attwidth Sync="TRUE">19</attwidth><atprecis Sync="TRUE">0</atprecis><attscale Sync="TRUE">0</attscale></attr><attr><attrlabl Sync="TRUE">Prim_Indus</attrlabl><attalias Sync="TRUE">Prim_Indus</attalias><attrtype Sync="TRUE">Double</attrtype><attwidth Sync="TRUE">19</attwidth><atprecis Sync="TRUE">0</atprecis><attscale Sync="TRUE">0</attscale></attr><attr><attrlabl Sync="TRUE">Manufactur</attrlabl><attalias Sync="TRUE">Manufactur</attalias><attrtype Sync="TRUE">Double</attrtype><attwidth Sync="TRUE">19</attwidth><atprecis Sync="TRUE">0</atprecis><attscale Sync="TRUE">0</attscale></attr><attr><attrlabl Sync="TRUE">Transp_Uti</attrlabl><attalias Sync="TRUE">Transp_Uti</attalias><attrtype Sync="TRUE">Double</attrtype><attwidth Sync="TRUE">19</attwidth><atprecis Sync="TRUE">0</atprecis><attscale Sync="TRUE">0</attscale></attr><attr><attrlabl Sync="TRUE">Trading_Co</attrlabl><attalias Sync="TRUE">Trading_Co</attalias><attrtype Sync="TRUE">Double</attrtype><attwidth Sync="TRUE">19</attwidth><atprecis Sync="TRUE">0</atprecis><attscale Sync="TRUE">0</attscale></attr><attr><attrlabl Sync="TRUE">Prof_Adm</attrlabl><attalias Sync="TRUE">Prof_Adm</attalias><attrtype Sync="TRUE">Double</attrtype><attwidth Sync="TRUE">19</attwidth><atprecis Sync="TRUE">0</atprecis><attscale Sync="TRUE">0</attscale></attr><attr><attrlabl Sync="TRUE">Recreation</attrlabl><attalias Sync="TRUE">Recreation</attalias><attrtype Sync="TRUE">Double</attrtype><attwidth Sync="TRUE">19</attwidth><atprecis Sync="TRUE">0</atprecis><attscale Sync="TRUE">0</attscale></attr><attr><attrlabl Sync="TRUE">Exist_LU_S</attrlabl><attalias Sync="TRUE">Exist_LU_S</attalias><attrtype Sync="TRUE">String</attrtype><attwidth Sync="TRUE">50</attwidth><atprecis Sync="TRUE">0</atprecis><attscale Sync="TRUE">0</attscale></attr><attr><attrlabl Sync="TRUE">Plan_LU</attrlabl><attalias Sync="TRUE">Plan_LU</attalias><attrtype Sync="TRUE">String</attrtype><attwidth Sync="TRUE">50</attwidth><atprecis Sync="TRUE">0</atprecis><attscale Sync="TRUE">0</attscale></attr><attr><attrlabl Sync="TRUE">ResGrowth</attrlabl><attalias Sync="TRUE">ResGrowth</attalias><attrtype Sync="TRUE">SmallInteger</attrtype><attwidth Sync="TRUE">4</attwidth><atprecis Sync="TRUE">4</atprecis><attscale Sync="TRUE">0</attscale></attr><attr><attrlabl Sync="TRUE">TransGrowt</attrlabl><attalias Sync="TRUE">TransGrowt</attalias><attrtype Sync="TRUE">SmallInteger</attrtype><attwidth Sync="TRUE">4</attwidth><atprecis Sync="TRUE">4</atprecis><attscale Sync="TRUE">0</attscale></attr><attr><attrlabl Sync="TRUE">ActGrowth</attrlabl><attalias Sync="TRUE">ActGrowth</attalias><attrtype Sync="TRUE">SmallInteger</attrtype><attwidth Sync="TRUE">4</attwidth><atprecis Sync="TRUE">4</atprecis><attscale Sync="TRUE">0</attscale></attr><attr><attrlabl Sync="TRUE">GrowthUtil</attrlabl><attalias Sync="TRUE">GrowthUtil</attalias><attrtype Sync="TRUE">SmallInteger</attrtype><attwidth Sync="TRUE">4</attwidth><atprecis Sync="TRUE">4</atprecis><attscale Sync="TRUE">0</attscale></attr><attr><attrlabl Sync="TRUE">Res_Infill</attrlabl><attalias Sync="TRUE">Res_Infill</attalias><attrtype Sync="TRUE">String</attrtype><attwidth Sync="TRUE">50</attwidth><atprecis Sync="TRUE">0</atprecis><attscale Sync="TRUE">0</attscale></attr><attr><attrlabl Sync="TRUE">color</attrlabl><attalias Sync="TRUE">color</attalias><attrtype Sync="TRUE">String</attrtype><attwidth Sync="TRUE">50</attwidth><atprecis Sync="TRUE">0</atprecis><attscale Sync="TRUE">0</attscale></attr><attr><attrlabl Sync="TRUE">Hierarchy_</attrlabl><attalias Sync="TRUE">Hierarchy_</attalias><attrtype Sync="TRUE">String</attrtype><attwidth Sync="TRUE">50</attwidth><atprecis Sync="TRUE">0</atprecis><attscale Sync="TRUE">0</attscale></attr><attr><attrlabl Sync="TRUE">AC_Hierarc</attrlabl><attalias Sync="TRUE">AC_Hierarc</attalias><attrtype Sync="TRUE">SmallInteger</attrtype><attwidth Sync="TRUE">4</attwidth><atprecis Sync="TRUE">4</atprecis><attscale Sync="TRUE">0</attscale></attr><attr><attrlabl Sync="TRUE">Inf_Trans</attrlabl><attalias Sync="TRUE">Inf_Trans</attalias><attrtype Sync="TRUE">Integer</attrtype><attwidth Sync="TRUE">9</attwidth><atprecis Sync="TRUE">9</atprecis><attscale Sync="TRUE">0</attscale></attr><attr><attrlabl Sync="TRUE">Shape_Leng</attrlabl><attalias Sync="TRUE">Shape_Leng</attalias><attrtype Sync="TRUE">Double</attrtype><attwidth Sync="TRUE">19</attwidth><atprecis Sync="TRUE">0</atprecis><attscale Sync="TRUE">0</attscale></attr><attr><attrlabl Sync="TRUE">Shape_Area</attrlabl><attalias Sync="TRUE">Shape_Area</attalias><attrtype Sync="TRUE">Double</attrtype><attwidth Sync="TRUE">19</attwidth><atprecis Sync="TRUE">0</atprecis><attscale Sync="TRUE">0</attscale><attrdef Sync="TRUE">Area of feature in internal units squared.</attrdef><attrdefs Sync="TRUE">Esri</attrdefs><attrdomv><udom Sync="TRUE">Positive real numbers that are automatically generated.</udom></attrdomv></attr></detailed></eainfo><mdDateSt Sync="TRUE">20150424</mdDateSt></metadata>
